what,kind,bundleId,bundleVersion,description,time
stopped,bundle,org.eclipse.wst.sse.ui,1.1.102.v200910200227,"org.eclipse.wst.sse.ui",1296650593131
stopped,bundle,org.eclipse.dltk.testing,1.0.0.v20090610-1638,"org.eclipse.dltk.testing",1296650593131
stopped,bundle,org.eclipse.dltk.debug.ui,1.0.1.v20091111-1837,"org.eclipse.dltk.debug.ui",1296650593131
stopped,bundle,org.eclipse.dltk.formatter,1.0.1.v20090903-2153,"org.eclipse.dltk.formatter",1296650593131
stopped,bundle,org.eclipse.dltk.validators.externalchecker,1.0.0.v20090610-1638,"org.eclipse.dltk.validators.externalchecker",1296650593131
stopped,bundle,org.eclipse.dltk.validators.ui,1.0.0.v20090610-1638,"org.eclipse.dltk.validators.ui",1296650593131
stopped,bundle,org.eclipse.dltk.ui,1.0.2.v20100209-1928,"org.eclipse.dltk.ui",1296650593138
stopped,bundle,org.eclipse.search,3.5.1.r351_v20090708-0800,"org.eclipse.search",1296650593138
stopped,bundle,org.eclipse.ltk.ui.refactoring,3.4.100.v20090604,"org.eclipse.ltk.ui.refactoring",1296650593138
stopped,bundle,org.eclipse.mylyn.team.ui,3.4.2.v20100909-0100-e3x,"org.eclipse.mylyn.team.ui",1296650593138
stopped,bundle,org.eclipse.team.cvs.ui,3.3.202.r35x_20090930-0800,"org.eclipse.team.cvs.ui",1296650593139
stopped,bundle,org.eclipse.team.ui,3.5.0.I20090430-0408,"org.eclipse.team.ui",1296650593139
stopped,bundle,org.eclipse.mylyn.bugzilla.ui,3.4.2.v20100909-0100-e3x,"org.eclipse.mylyn.bugzilla.ui",1296650593139
stopped,bundle,org.eclipse.mylyn.ide.ui,3.4.0.v20100608-0100-e3x,"org.eclipse.mylyn.ide.ui",1296650593139
stopped,bundle,org.eclipse.mylyn.resources.ui,3.4.1.v20100909-0100-e3x,"org.eclipse.mylyn.resources.ui",1296650593139
stopped,bundle,org.eclipse.mylyn.wikitext.tasks.ui,1.3.1.v20100823-0100-e3x,"org.eclipse.mylyn.wikitext.tasks.ui",1296650593139
stopped,bundle,org.eclipse.mylyn.context.ui,3.4.1.v20100909-0100-e3x,"org.eclipse.mylyn.context.ui",1296650593140
stopped,bundle,org.eclipse.mylyn.help.ui,3.4.1.v20100823-0100-e3x,"org.eclipse.mylyn.help.ui",1296650593140
stopped,bundle,org.eclipse.mylyn.tasks.bugs,3.4.1.v20100823-0100-e3x,"org.eclipse.mylyn.tasks.bugs",1296650593140
stopped,bundle,org.eclipse.mylyn.tasks.ui,3.4.2.v20100902-0100-e3x,"org.eclipse.mylyn.tasks.ui",1296650593140
stopped,bundle,org.eclipse.compare,3.5.0.I20090514-0808,"org.eclipse.compare",1296650593140
stopped,bundle,org.eclipse.datatools.enablement.ingres.ui,1.0.0.v200906111150,"org.eclipse.datatools.enablement.ingres.ui",1296650593140
stopped,bundle,org.eclipse.datatools.sqltools.routineeditor.ui,1.0.0.v200906022302,"org.eclipse.datatools.sqltools.routineeditor.ui",1296650593140
stopped,bundle,org.eclipse.datatools.sqltools.sqlscrapbook,1.0.0.v200906022302,"org.eclipse.datatools.sqltools.sqlscrapbook",1296650593140
stopped,bundle,org.eclipse.datatools.sqltools.db.derby.ui,1.0.0.v200906020900,"org.eclipse.datatools.sqltools.db.derby.ui",1296650593140
stopped,bundle,org.eclipse.datatools.sqltools.db.generic.ui,1.0.0.v200906020900,"org.eclipse.datatools.sqltools.db.generic.ui",1296650593140
stopped,bundle,org.eclipse.datatools.sqltools.sqlbuilder,1.0.0.v201001200600,"org.eclipse.datatools.sqltools.sqlbuilder",1296650593140
stopped,bundle,org.eclipse.datatools.enablement.sybase.asa.ui,1.0.1.v200906111150,"org.eclipse.datatools.enablement.sybase.asa.ui",1296650593140
stopped,bundle,org.eclipse.datatools.enablement.sybase.ase.ui,1.0.1.v200906020900,"org.eclipse.datatools.enablement.sybase.ase.ui",1296650593140
stopped,bundle,org.eclipse.datatools.sqltools.ddlgen.ui,1.0.0.v200906022302,"org.eclipse.datatools.sqltools.ddlgen.ui",1296650593140
stopped,bundle,org.eclipse.datatools.sqltools.debugger.core,1.0.0.v200906022302,"org.eclipse.datatools.sqltools.debugger.core",1296650593140
stopped,bundle,org.eclipse.datatools.sqltools.schemaobjecteditor.ui.pages,1.1.0.200810071,"org.eclipse.datatools.sqltools.schemaobjecteditor.ui.pages",1296650593141
stopped,bundle,org.eclipse.datatools.sqltools.schemaobjecteditor.ui,1.1.0.200810071,"org.eclipse.datatools.sqltools.schemaobjecteditor.ui",1296650593141
stopped,bundle,org.eclipse.datatools.sqltools.sqleditor,1.0.1.v200912241345,"org.eclipse.datatools.sqltools.sqleditor",1296650593141
stopped,bundle,org.eclipse.datatools.sqltools.editor.core.ui,1.0.0.v201001150815,"org.eclipse.datatools.sqltools.editor.core.ui",1296650593141
stopped,bundle,org.eclipse.datatools.sqltools.plan,1.0.0.v200906022302,"org.eclipse.datatools.sqltools.plan",1296650593141
stopped,bundle,org.eclipse.datatools.sqltools.data.ui,1.1.2.v200912080845,"org.eclipse.datatools.sqltools.data.ui",1296650593141
stopped,bundle,org.eclipse.datatools.sqltools.tabledataeditor,1.0.0.v200906022302,"org.eclipse.datatools.sqltools.tabledataeditor",1296650593141
stopped,bundle,org.eclipse.datatools.sqltools.result.ui,1.0.2.v201002011830,"org.eclipse.datatools.sqltools.result.ui",1296650593141
stopped,bundle,org.eclipse.datatools.sqltools.common.ui,1.0.0.v200906022302,"org.eclipse.datatools.sqltools.common.ui",1296650593141
stopped,bundle,org.eclipse.ui.externaltools,3.2.0.v20090504,"org.eclipse.ui.externaltools",1296650593141
stopped,bundle,org.eclipse.wst.server.preview.adapter,1.1.0.v20090311b,"org.eclipse.wst.server.preview.adapter",1296650593141
stopped,bundle,org.eclipse.wst.server.http.ui,1.0.200.v20090113,"org.eclipse.wst.server.http.ui",1296650593141
stopped,bundle,org.eclipse.wst.server.ui,1.1.103.v20100123,"org.eclipse.wst.server.ui",1296650593192
stopped,bundle,org.eclipse.dltk.console.ui,1.0.0.v20090610-1638,"org.eclipse.dltk.console.ui",1296650593192
stopped,bundle,org.eclipse.debug.ui,3.5.1.v20090811_r351,"org.eclipse.debug.ui",1296650593233
stopped,bundle,org.eclipse.rse.subsystems.files.dstore,2.1.100.v200905272300,"org.eclipse.rse.subsystems.files.dstore",1296650593233
stopped,bundle,org.eclipse.rse.subsystems.processes.dstore,2.1.100.v200905272300,"org.eclipse.rse.subsystems.processes.dstore",1296650593233
stopped,bundle,org.eclipse.rse.subsystems.shells.dstore,2.1.100.v200905272300,"org.eclipse.rse.subsystems.shells.dstore",1296650593233
stopped,bundle,org.eclipse.rse.connectorservice.dstore,3.1.1.v200909160005,"org.eclipse.rse.connectorservice.dstore",1296650593233
stopped,bundle,org.eclipse.rse.subsystems.files.local,2.1.101.v200907301400,"org.eclipse.rse.subsystems.files.local",1296650593233
stopped,bundle,org.eclipse.rse.subsystems.processes.local,2.1.100.v200905272300,"org.eclipse.rse.subsystems.processes.local",1296650593233
stopped,bundle,org.eclipse.rse.subsystems.shells.local,2.1.100.v200905272300,"org.eclipse.rse.subsystems.shells.local",1296650593233
stopped,bundle,org.eclipse.rse.connectorservice.local,2.1.100.v200905272300,"org.eclipse.rse.connectorservice.local",1296650593233
stopped,bundle,org.eclipse.rse.subsystems.files.ssh,2.1.100.v200905272300,"org.eclipse.rse.subsystems.files.ssh",1296650593234
stopped,bundle,org.eclipse.rse.subsystems.shells.ssh,2.1.100.v200905272300,"org.eclipse.rse.subsystems.shells.ssh",1296650593234
stopped,bundle,org.eclipse.rse.subsystems.terminals.ssh,1.0.1.v200908051630,"org.eclipse.rse.subsystems.terminals.ssh",1296650593234
stopped,bundle,org.eclipse.rse.connectorservice.ssh,2.1.100.v200905272300,"org.eclipse.rse.connectorservice.ssh",1296650593234
stopped,bundle,org.eclipse.rse.connectorservice.telnet,1.2.1.v200908051630,"org.eclipse.rse.connectorservice.telnet",1296650593234
stopped,bundle,org.eclipse.rse.dstore.security,3.0.100.v200905272300,"org.eclipse.rse.dstore.security",1296650593234
stopped,bundle,org.eclipse.rse.efs,2.1.100.v200905272300,"org.eclipse.rse.efs",1296650593234
stopped,bundle,org.eclipse.rse.subsystems.files.ftp,2.1.100.v200905272300,"org.eclipse.rse.subsystems.files.ftp",1296650593235
stopped,bundle,org.eclipse.rse.subsystems.shells.core,3.1.0.v200905272300,"org.eclipse.rse.subsystems.shells.core",1296650593235
stopped,bundle,org.eclipse.rse.subsystems.files.core,3.1.1.v200909160005,"org.eclipse.rse.subsystems.files.core",1296650593235
stopped,bundle,org.eclipse.rse.subsystems.processes.shell.linux,1.1.100.v200905272300,"org.eclipse.rse.subsystems.processes.shell.linux",1296650593235
stopped,bundle,org.eclipse.rse.subsystems.processes.core,3.1.0.v200905272300,"org.eclipse.rse.subsystems.processes.core",1296650593235
stopped,bundle,org.eclipse.rse.terminals.ui,1.0.1.v200908061445,"org.eclipse.rse.terminals.ui",1296650593235
stopped,bundle,org.eclipse.rse.subsystems.terminals.core,1.0.1.v200908051630,"org.eclipse.rse.subsystems.terminals.core",1296650593235
stopped,bundle,org.eclipse.rse.ui,3.1.1.v200909160005,"org.eclipse.rse.ui",1296650593235
stopped,bundle,org.eclipse.ui.console,3.4.0.v20090513,"org.eclipse.ui.console",1296650593235
stopped,bundle,org.eclipse.mylyn.commons.ui,3.4.0.v20100608-0100-e3x,"org.eclipse.mylyn.commons.ui",1296650593235
stopped,bundle,org.eclipse.mylyn.wikitext.ui,1.3.0.v20100608-0100-e3x,"org.eclipse.mylyn.wikitext.ui",1296650593236
stopped,bundle,org.eclipse.ui.editors,3.5.0.v20090527-2000,"org.eclipse.ui.editors",1296650593236
stopped,bundle,org.eclipse.datatools.connectivity.ui.dse,1.1.3.v201001270323,"org.eclipse.datatools.connectivity.ui.dse",1296650593236
stopped,bundle,org.eclipse.ui.navigator.resources,3.4.1.M20090826-0800,"org.eclipse.ui.navigator.resources",1296650593236
stopped,bundle,org.eclipse.wst.common.snippets,1.1.301.v201001280015,"org.eclipse.wst.common.snippets",1296650593237
stopped,bundle,org.eclipse.ui.workbench.texteditor,3.5.0.v20090603,"org.eclipse.ui.workbench.texteditor",1296650593237
stopped,bundle,org.eclipse.compare.core,3.5.0.I20090430-0408,"org.eclipse.compare.core",1296650593237
stopped,bundle,org.eclipse.emf.databinding.edit,1.1.0.v200906151043,"org.eclipse.emf.databinding.edit",1296650593237
stopped,bundle,org.eclipse.emf.databinding,1.1.0.v200906151043,"org.eclipse.emf.databinding",1296650593237
stopped,bundle,org.eclipse.emf.exporter,2.5.0.v200906151043,"org.eclipse.emf.exporter",1296650593237
stopped,bundle,org.eclipse.emf.importer.ecore,2.4.0.v200906151043,"org.eclipse.emf.importer.ecore",1296650593237
stopped,bundle,org.eclipse.emf.importer.java,2.5.0.v200906151043,"org.eclipse.emf.importer.java",1296650593237
stopped,bundle,org.eclipse.emf.importer.rose,2.5.0.v200906151043,"org.eclipse.emf.importer.rose",1296650593237
stopped,bundle,org.eclipse.emf.importer,2.5.0.v200906151043,"org.eclipse.emf.importer",1296650593237
stopped,bundle,org.eclipse.emf.converter,2.5.0.v200906151043,"org.eclipse.emf.converter",1296650593237
stopped,bundle,org.eclipse.emf.codegen.ecore.ui,2.5.0.v200906151043,"org.eclipse.emf.codegen.ecore.ui",1296650593237
stopped,bundle,org.eclipse.emf.mapping.ecore2ecore.editor,2.4.0.v200906151043,"org.eclipse.emf.mapping.ecore2ecore.editor",1296650593237
stopped,bundle,org.eclipse.emf.ecore.editor,2.5.0.v200906151043,"org.eclipse.emf.ecore.editor",1296650593237
stopped,bundle,org.eclipse.emf.mapping.ecore2xml.ui,2.5.0.v200906151043,"org.eclipse.emf.mapping.ecore2xml.ui",1296650593237
stopped,bundle,org.eclipse.emf.mapping.ui,2.5.0.v200906151043,"org.eclipse.emf.mapping.ui",1296650593237
stopped,bundle,org.eclipse.jst.jsf.facesconfig,1.1.3.v20090902,"org.eclipse.jst.jsf.facesconfig",1296650593238
stopped,bundle,org.eclipse.datatools.connectivity.apache.derby.ui,1.0.1.v200906020900,"org.eclipse.datatools.connectivity.apache.derby.ui",1296650593238
stopped,bundle,org.eclipse.datatools.enablement.hsqldb.ui,1.0.0.v200906020900,"org.eclipse.datatools.enablement.hsqldb.ui",1296650593238
stopped,bundle,org.eclipse.datatools.enablement.sqlite.ui,1.0.0.v200906020900,"org.eclipse.datatools.enablement.sqlite.ui",1296650593238
stopped,bundle,org.eclipse.datatools.enablement.sybase.ui,1.0.0.v200906090458,"org.eclipse.datatools.enablement.sybase.ui",1296650593238
stopped,bundle,org.eclipse.datatools.connectivity.sqm.server.ui,1.1.100.v200910270503,"org.eclipse.datatools.connectivity.sqm.server.ui",1296650593238
stopped,bundle,org.eclipse.emf.edit.ui,2.5.0.v200906151043,"org.eclipse.emf.edit.ui",1296650593239
stopped,bundle,org.eclipse.datatools.capabilities,1.0.0.v20090611-0411,"org.eclipse.datatools.capabilities",1296650593239
stopped,bundle,org.eclipse.datatools.enablement.postgresql.ui,1.0.0.v200906020900,"org.eclipse.datatools.enablement.postgresql.ui",1296650593239
stopped,bundle,org.eclipse.datatools.connectivity.db.generic.ui,1.0.1.v200906020900,"org.eclipse.datatools.connectivity.db.generic.ui",1296650593239
stopped,bundle,org.eclipse.datatools.enablement.ibm.db2.iseries.ui,1.0.0.v200906020900,"org.eclipse.datatools.enablement.ibm.db2.iseries.ui",1296650593239
stopped,bundle,org.eclipse.datatools.enablement.ibm.db2.luw.ui,1.0.1.v200906020900,"org.eclipse.datatools.enablement.ibm.db2.luw.ui",1296650593239
stopped,bundle,org.eclipse.datatools.enablement.ibm.db2.zseries.ui,1.0.0.v200906020900,"org.eclipse.datatools.enablement.ibm.db2.zseries.ui",1296650593239
stopped,bundle,org.eclipse.datatools.enablement.ibm.informix.ui,1.0.1.v200906020900,"org.eclipse.datatools.enablement.ibm.informix.ui",1296650593240
stopped,bundle,org.eclipse.datatools.enablement.ibm.ui,1.0.0.v200906020900,"org.eclipse.datatools.enablement.ibm.ui",1296650593240
stopped,bundle,org.eclipse.datatools.enablement.msft.sqlserver.ui,1.0.1.v200908130512,"org.eclipse.datatools.enablement.msft.sqlserver.ui",1296650593240
stopped,bundle,org.eclipse.datatools.enablement.mysql.ui,1.0.0.v200906020900,"org.eclipse.datatools.enablement.mysql.ui",1296650593240
stopped,bundle,org.eclipse.datatools.enablement.oracle.ui,1.0.1.v200906020900,"org.eclipse.datatools.enablement.oracle.ui",1296650593240
stopped,bundle,org.eclipse.datatools.enablement.sap.maxdb.ui,1.0.0.v200906020900,"org.eclipse.datatools.enablement.sap.maxdb.ui",1296650593240
stopped,bundle,org.eclipse.datatools.connectivity.sqm.core.ui,1.1.100.v200910270525,"org.eclipse.datatools.connectivity.sqm.core.ui",1296650593240
stopped,bundle,org.eclipse.datatools.connectivity.oda.flatfile.ui,3.1.1.v201001131420,"org.eclipse.datatools.connectivity.oda.flatfile.ui",1296650593240
stopped,bundle,org.eclipse.datatools.enablement.oda.ws.ui,1.2.2.v201001260400,"org.eclipse.datatools.enablement.oda.ws.ui",1296650593240
stopped,bundle,org.eclipse.datatools.enablement.oda.xml.ui,1.2.1.v201001191820,"org.eclipse.datatools.enablement.oda.xml.ui",1296650593240
stopped,bundle,org.eclipse.datatools.connectivity.oda.design.ui,3.2.2.v201001210350,"org.eclipse.datatools.connectivity.oda.design.ui",1296650593240
stopped,bundle,org.eclipse.datatools.connectivity.ui,1.1.5.v201001190218,"org.eclipse.datatools.connectivity.ui",1296650593240
stopped,bundle,org.eclipse.datatools.sqltools.sql.ui,1.0.0.v200906022302,"org.eclipse.datatools.sqltools.sql.ui",1296650593240
stopped,bundle,org.eclipse.rse.services.dstore,3.1.1.v200909160005,"org.eclipse.rse.services.dstore",1296650593240
stopped,bundle,org.eclipse.dstore.core,3.1.1.v200909160005,"org.eclipse.dstore.core",1296650593240
stopped,bundle,org.eclipse.dstore.extra,2.1.101.v200907301400,"org.eclipse.dstore.extra",1296650593240
stopped,bundle,org.eclipse.emf.codegen.ui,2.5.0.v200906151043,"org.eclipse.emf.codegen.ui",1296650593240
stopped,bundle,org.eclipse.emf.common.ui,2.5.0.v200906151043,"org.eclipse.emf.common.ui",1296650593240
stopped,bundle,org.eclipse.equinox.p2.ui.sdk,1.0.100.v20090520-1905,"org.eclipse.equinox.p2.ui.sdk",1296650593241
stopped,bundle,org.eclipse.equinox.p2.ui.sdk.scheduler,1.0.0.v20090520-1905,"org.eclipse.equinox.p2.ui.sdk.scheduler",1296650593241
stopped,bundle,org.eclipse.wst.server.discovery,1.0.1.v20100210,"org.eclipse.wst.server.discovery",1296650593241
stopped,bundle,org.eclipse.equinox.p2.ui,1.0.101.R35x_v20090819,"org.eclipse.equinox.p2.ui",1296650593242
stopped,bundle,org.eclipse.equinox.security.ui,1.0.100.v20090520-1800,"org.eclipse.equinox.security.ui",1296650593242
stopped,bundle,org.eclipse.ui.cheatsheets,3.3.200.v20090526,"org.eclipse.ui.cheatsheets",1296650593242
stopped,bundle,org.eclipse.help.ui,3.4.1.v20090819_35x,"org.eclipse.help.ui",1296650593242
stopped,bundle,org.eclipse.jem.beaninfo,2.0.300.v200905030615,"org.eclipse.jem.beaninfo",1296650593242
stopped,bundle,org.eclipse.jst.j2ee.ejb.annotation.model,1.1.102.v200805140020,"org.eclipse.jst.j2ee.ejb.annotation.model",1296650593242
stopped,bundle,org.eclipse.jst.j2ee.webservice,1.1.300.v200901220600,"org.eclipse.jst.j2ee.webservice",1296650593242
stopped,bundle,org.eclipse.jst.ws.axis.consumption.core,1.0.306.v200810082309,"org.eclipse.jst.ws.axis.consumption.core",1296650593242
stopped,bundle,org.eclipse.jst.ws.axis2.core,1.0.104.v200810151442,"org.eclipse.jst.ws.axis2.core",1296650593242
stopped,bundle,org.eclipse.jst.ws.consumption,1.0.408.v200911241817,"org.eclipse.jst.ws.consumption",1296650593242
stopped,bundle,org.eclipse.jst.ws,1.0.407.v200905191120,"org.eclipse.jst.ws",1296650593242
stopped,bundle,org.eclipse.jst.jee.ejb,1.0.201.v201002021057,"org.eclipse.jst.jee.ejb",1296650593242
stopped,bundle,org.eclipse.jst.j2ee.ejb,1.1.301.v201001252130,"org.eclipse.jst.j2ee.ejb",1296650593242
stopped,bundle,org.eclipse.jst.jee.web,1.0.201.v201002031231,"org.eclipse.jst.jee.web",1296650593242
stopped,bundle,org.eclipse.jst.j2ee.web,1.1.301.v200911302230,"org.eclipse.jst.j2ee.web",1296650593242
stopped,bundle,org.eclipse.jst.jee,1.0.201.v201002021055,"org.eclipse.jst.jee",1296650593242
stopped,bundle,org.eclipse.jst.j2ee.jca,1.1.301.v201001252130,"org.eclipse.jst.j2ee.jca",1296650593242
stopped,bundle,org.eclipse.jst.j2ee,1.1.301.v201001272230,"org.eclipse.jst.j2ee",1296650593242
stopped,bundle,org.eclipse.jst.common.frameworks,1.1.301.v201001252130,"org.eclipse.jst.common.frameworks",1296650593242
stopped,bundle,org.eclipse.jem.workbench,2.0.201.v200911302230,"org.eclipse.jem.workbench",1296650593242
stopped,bundle,org.eclipse.jst.j2ee.core,1.1.301.v200911302230,"org.eclipse.jst.j2ee.core",1296650593242
stopped,bundle,org.eclipse.jem,2.0.301.v201001252130,"org.eclipse.jem",1296650593242
stopped,bundle,org.eclipse.jem.proxy,2.0.201.v200908101600,"org.eclipse.jem.proxy",1296650593242
stopped,bundle,org.eclipse.jsch.ui,1.1.200.I20090430-0408,"org.eclipse.jsch.ui",1296650593242
stopped,bundle,org.eclipse.tm.terminal.ssh,2.0.100.v200905272300,"org.eclipse.tm.terminal.ssh",1296650593242
stopped,bundle,org.eclipse.tm.terminal.view,2.0.101.v200907301400,"org.eclipse.tm.terminal.view",1296650593243
stopped,bundle,org.eclipse.mylyn.monitor.ui,3.4.0.v20100608-0100-e3x,"org.eclipse.mylyn.monitor.ui",1296650593311
stopped,bundle,org.eclipse.ui.browser,3.2.300.v20090526,"org.eclipse.ui.browser",1296650593311
stopped,bundle,org.eclipse.ui.views.log,1.0.100.v20090731,"org.eclipse.ui.views.log",1296650593311
stopped,bundle,org.eclipse.wst.ws.explorer,1.0.408.v200911241806,"org.eclipse.wst.ws.explorer",1296650593316
stopped,bundle,org.eclipse.wst.ws.ui,1.1.100.v200903112221,"org.eclipse.wst.ws.ui",1296650593317
stopped,bundle,org.eclipse.wst.command.env.ui,1.1.2.v200811200248,"org.eclipse.wst.command.env.ui",1296650593317
stopped,bundle,org.eclipse.wst.validation.ui,1.2.104.v200904232035,"org.eclipse.wst.validation.ui",1296650593317
stopped,bundle,org.eclipse.wst.common.frameworks.ui,1.1.301.v200908101600,"org.eclipse.wst.common.frameworks.ui",1296650593317
stopped,bundle,org.eclipse.wst.common.project.facet.ui,1.4.1.v200908111817,"org.eclipse.wst.common.project.facet.ui",1296650593317
stopped,bundle,org.eclipse.wst.xsl.jaxp.launching,1.0.0.v200904240436,"org.eclipse.wst.xsl.jaxp.launching",1296650593317
stopped,bundle,org.eclipse.wst.xsl.launching,1.0.0.v200904241348,"org.eclipse.wst.xsl.launching",1296650593317
stopped,bundle,org.eclipse.wst.internet.monitor.ui,1.0.305.v20100123,"org.eclipse.wst.internet.monitor.ui",1296650593317
stopped,bundle,org.eclipse.actf.model.ui.editors.ie,0.7.2.R201002031025,"org.eclipse.actf.model.ui.editors.ie",1296650593317
stopped,bundle,org.eclipse.actf.visualization.blind,0.7.2.R201002031025,"org.eclipse.actf.visualization.blind",1296650593318
stopped,bundle,org.eclipse.actf.model.ui.editors.ooo,0.7.2.R201002031025,"org.eclipse.actf.model.ui.editors.ooo",1296650593318
stopped,bundle,org.eclipse.ui.ide,3.5.1.M20090826-0800,"org.eclipse.ui.ide",1296650593359
stopped,bundle,org.eclipse.epp.usagedata.ui,1.1.1.R201001291118,"org.eclipse.epp.usagedata.ui",1296650593360
stopped,bundle,org.eclipse.ui.intro.universal,3.2.300.v20090526,"org.eclipse.ui.intro.universal",1296650593360
stopped,bundle,org.eclipse.wtp.epp.package.jee.intro,1.2.0.20090617-0522,"org.eclipse.wtp.epp.package.jee.intro",1296650593360
stopped,bundle,org.eclipse.ui.intro,3.3.1.v20090805_35x,"org.eclipse.ui.intro",1296650593360
stopped,bundle,org.eclipse.ui.views.properties.tabbed,3.5.0.I20090429-1800,"org.eclipse.ui.views.properties.tabbed",1296650593360
stopped,bundle,org.eclipse.update.scheduler,3.2.200.v20081127,"org.eclipse.update.scheduler",1296650593360
stopped,bundle,org.eclipse.update.ui,3.2.201.R35x_v20090813,"org.eclipse.update.ui",1296650593360
stopped,bundle,org.eclipse.wst.ws.service.policy.ui,1.0.102.v200903070248,"org.eclipse.wst.ws.service.policy.ui",1296650593360
stopped,bundle,org.eclipse.ui.forms,3.4.1.v20090714_35x,"org.eclipse.ui.forms",1296650593361
stopped,bundle,org.eclipse.ui.navigator,3.4.1.M20090911-1550,"org.eclipse.ui.navigator",1296650593361
stopped,bundle,org.eclipse.ui.net,1.2.1.r35x_20090812-1200,"org.eclipse.ui.net",1296650593362
stopped,bundle,org.eclipse.ui.presentations.r21,3.2.100.I20081007-0800,"org.eclipse.ui.presentations.r21",1296650593362
stopped,bundle,org.eclipse.gef,3.5.1.v20090910-2020,"org.eclipse.gef",1296650593362
stopped,bundle,org.eclipse.actf.visualization.engines.blind.html,0.7.2.R201002031025,"org.eclipse.actf.visualization.engines.blind.html",1296650593362
stopped,bundle,org.eclipse.actf.visualization.engines.blind,0.7.2.R201002031025,"org.eclipse.actf.visualization.engines.blind",1296650593362
stopped,bundle,org.eclipse.actf.visualization.lowvision,0.7.2.R201002031025,"org.eclipse.actf.visualization.lowvision",1296650593362
stopped,bundle,org.eclipse.actf.visualization.presentation,0.7.2.R201002031025,"org.eclipse.actf.visualization.presentation",1296650593362
stopped,bundle,org.eclipse.actf.visualization.engines.lowvision,0.7.2.R201002031025,"org.eclipse.actf.visualization.engines.lowvision",1296650593363
stopped,bundle,org.eclipse.actf.examples.adesigner.eval.odf,0.7.2.R201002031025,"org.eclipse.actf.examples.adesigner.eval.odf",1296650593363
stopped,bundle,org.eclipse.actf.visualization.ui.report,0.7.2.R201002031025,"org.eclipse.actf.visualization.ui.report",1296650593363
stopped,bundle,org.eclipse.actf.visualization.eval,0.7.2.R201002031025,"org.eclipse.actf.visualization.eval",1296650593363
stopped,bundle,org.eclipse.actf.visualization.gui,0.7.2.R201002031025,"org.eclipse.actf.visualization.gui",1296650593363
stopped,bundle,org.eclipse.actf.visualization.ui.pdt,0.7.2.R201002031025,"org.eclipse.actf.visualization.ui.pdt",1296650593363
stopped,bundle,org.eclipse.ui.views,3.4.1.M20090826-0800,"org.eclipse.ui.views",1296650593363
stopped,bundle,org.eclipse.wst.dtd.core,1.1.300.v200904181727,"org.eclipse.wst.dtd.core",1296650593364
stopped,bundle,org.eclipse.wst.internet.cache,1.0.301.v200805140020,"org.eclipse.wst.internet.cache",1296650593364
activated,perspective,org.scala-ide.sdt.core,,"org.scala-ide.sdt.core.perspective",1296655235035
started,bundle,org.eclipse.osgi,3.5.1.R35x_v20090827,"org.eclipse.osgi",1296655235037
started,bundle,org.eclipse.equinox.simpleconfigurator,1.0.101.R35x_v20090807-1100,"org.eclipse.equinox.simpleconfigurator",1296655235037
started,bundle,com.ibm.icu,4.0.1.v20090822,"com.ibm.icu",1296655235037
started,bundle,org.eclipse.compare.core,3.5.0.I20090430-0408,"org.eclipse.compare.core",1296655235037
started,bundle,org.eclipse.core.contenttype,3.4.1.R35x_v20090826-0451,"org.eclipse.core.contenttype",1296655235037
started,bundle,org.eclipse.core.databinding.observable,1.2.0.M20090902-0800,"org.eclipse.core.databinding.observable",1296655235037
started,bundle,org.eclipse.core.expressions,3.4.100.v20090429-1800,"org.eclipse.core.expressions",1296655235037
started,bundle,org.eclipse.core.filebuffers,3.5.0.v20090526-2000,"org.eclipse.core.filebuffers",1296655235037
started,bundle,org.eclipse.core.filesystem,1.2.0.v20090507,"org.eclipse.core.filesystem",1296655235037
started,bundle,org.eclipse.core.jobs,3.4.100.v20090429-1800,"org.eclipse.core.jobs",1296655235037
started,bundle,org.eclipse.core.net,1.2.1.r35x_20090812-1200,"org.eclipse.core.net",1296655235037
started,bundle,org.eclipse.core.resources,3.5.1.R35x_v20090826-0451,"org.eclipse.core.resources",1296655235037
started,bundle,org.eclipse.core.runtime,3.5.0.v20090525,"org.eclipse.core.runtime",1296655235037
started,bundle,org.eclipse.core.runtime.compatibility,3.2.0.v20090413,"org.eclipse.core.runtime.compatibility",1296655235037
started,bundle,org.eclipse.core.runtime.compatibility.auth,3.2.100.v20090413,"org.eclipse.core.runtime.compatibility.auth",1296655235037
started,bundle,org.eclipse.core.variables,3.2.200.v20090521,"org.eclipse.core.variables",1296655235037
started,bundle,org.eclipse.debug.core,3.5.0.v20090526-1600,"org.eclipse.debug.core",1296655235037
started,bundle,org.eclipse.debug.ui,3.5.1.v20090811_r351,"org.eclipse.debug.ui",1296655235037
started,bundle,org.eclipse.ecf,3.0.0.v20090831-1906,"org.eclipse.ecf",1296655235037
started,bundle,org.eclipse.ecf.filetransfer,3.0.0.v20090831-1906,"org.eclipse.ecf.filetransfer",1296655235037
started,bundle,org.eclipse.ecf.identity,3.0.0.v20090831-1906,"org.eclipse.ecf.identity",1296655235037
started,bundle,org.eclipse.ecf.provider.filetransfer,3.0.1.v20090831-1906,"org.eclipse.ecf.provider.filetransfer",1296655235037
started,bundle,org.eclipse.ecf.provider.filetransfer.httpclient,3.0.1.v20090831-1906,"org.eclipse.ecf.provider.filetransfer.httpclient",1296655235037
started,bundle,org.eclipse.emf.common,2.5.0.v200906151043,"org.eclipse.emf.common",1296655235037
